ags_new	name_new	ags_old	name_old
03352038	Neuenkirchen	03352038	Neuenkirchen
03352041	Nordleda	03352041	Nordleda
03352045	Osterbruch	03352045	Osterbruch
03352046	Otterndorf, Stadt	03352046	Otterndorf, Stadt
03352025	Ihlienworth	03352025	Ihlienworth
03352043	Odisheim	03352043	Odisheim
03352051	Steinau	03352051	Steinau
03352055	Wanna	03352055	Wanna
03256007	Eystrup	03256007	Eystrup
03256008	Gandesbergen	03256008	Gandesbergen
03256009	Hämelhausen	03256009	Hämelhausen
03256010	Hassel (Weser)	03256010	Hassel (Weser)
03256003	Bücken, Flecken	03256003	Bücken, Flecken
03256013	Hilgermissen	03256013	Hilgermissen
03256014	Hoya, Stadt	03256014	Hoya, Stadt
03256015	Hoyerhagen	03256015	Hoyerhagen
03256028	Schweringen	03256028	Schweringen
03256035	Warpe	03256035	Warpe
03255010	Dielmissen	03255010	Dielmissen
03255012	Eimen	03255012	Eimen
03255013	Eschershausen, Stadt	03255013	Eschershausen, Stadt
03255022	Holzen	03255022	Holzen
03255028	Lüerdissen	03255028	Lüerdissen
03255001	Arholzen	03255001	Arholzen
03255007	Deensen	03255007	Deensen
03255018	Heinade	03255018	Heinade
03255027	Lenne	03255027	Lenne
03255034	Stadtoldendorf, Stadt	03255034	Stadtoldendorf, Stadt
03255036	Wangelnstedt	03255036	Wangelnstedt
08415971	Gutsbezirk Münsingen, gemeindefreies Gebiet	08415086	Gutsbezirk Münsingen, gemeindefreies Gebiet
09162000	München, Landeshauptstadt	09162000	München
12063148	Ketzin/Havel, Stadt	12063148	Ketzin, Stadt
13056053	Penzlin, Stadt	13056029	Klein Lukow
13062003	Altwigshagen	13059100	Wietstock
13060010	Crivitz, Stadt	13060087	Wessin
13060061	Plau am See, Stadt	13060037	Karow
13061004	Bergen auf Rügen, Stadt	13061039	Thesenvitz
13058100	Upahl	13058045	Hanshagen
14521170	Eibenstock, Stadt	14521170	Eibenstock, Stadt
14521170	Eibenstock, Stadt	14521580	Sosa
14523365	Rosenbach/Vogtl.	14523180	Leubnitz
14523365	Rosenbach/Vogtl.	14523210	Mehltheuer
14523365	Rosenbach/Vogtl.	14523390	Syrau
14523450	Weischlitz	14523070	Burgstein
14625525	Schirgiswalde-Kirschau, Stadt	14625070	Crostau
14625525	Schirgiswalde-Kirschau, Stadt	14625260	Kirschau
14625525	Schirgiswalde-Kirschau, Stadt	14625520	Schirgiswalde, Stadt
14626085	Ebersbach-Neugersdorf, Stadt	14626080	Ebersbach/Sa., Stadt
14626085	Ebersbach-Neugersdorf, Stadt	14626340	Neugersdorf, Stadt
14626180	Herrnhut, Stadt	14626130	Großhennersdorf
14628010	Altenberg, Stadt	14628120	Geising, Stadt
14729080	Colditz, Stadt	14729180	Großbothen
14729160	Grimma, Stadt	14729180	Großbothen
14729160	Grimma, Stadt	14729310	Nerchau, Stadt
14729160	Grimma, Stadt	14729390	Thümmlitzwalde
14729080	Colditz, Stadt	14729420	Zschadraß
14730030	Beilrode	14730130	Großtreben-Zwethau
14730200	Mügeln, Stadt	14730290	Sornzig-Ablaß
15081240	Kalbe (Milde), Stadt	15081035	Badel
15081030	Arendsee (Altmark), Stadt	15081130	Fleetmark
15081240	Kalbe (Milde), Stadt	15081210	Jeggeleben
15081030	Arendsee (Altmark), Stadt	15081340	Mechau
15081030	Arendsee (Altmark), Stadt	15081425	Rademin
15081455	Salzwedel, Hansestadt	15081510	Steinitz
15081030	Arendsee (Altmark), Stadt	15081540	Vissum
15081455	Salzwedel, Hansestadt	15081565	Wieblitz-Eversdorf
15081240	Kalbe (Milde), Stadt	15081585	Zethlingen
15081135	Gardelegen, Hansestadt	15081080	Breitenfeld
15081135	Gardelegen, Hansestadt	15081100	Dannefeld
15081135	Gardelegen, Hansestadt	15081125	Estedt
15081135	Gardelegen, Hansestadt	15081170	Hottendorf
15081135	Gardelegen, Hansestadt	15081190	Jävenitz
15081135	Gardelegen, Hansestadt	15081205	Jeggau
15081135	Gardelegen, Hansestadt	15081215	Jerchel
15081135	Gardelegen, Hansestadt	15081245	Kassieck
15081135	Gardelegen, Hansestadt	15081285	Köckte
15081135	Gardelegen, Hansestadt	15081320	Letzlingen
15081135	Gardelegen, Hansestadt	15081330	Lindstedt
15081135	Gardelegen, Hansestadt	15081355	Mieste
15081135	Gardelegen, Hansestadt	15081360	Miesterhorst
15081135	Gardelegen, Hansestadt	15081405	Peckfitz
15081135	Gardelegen, Hansestadt	15081450	Sachau
15081135	Gardelegen, Hansestadt	15081485	Seethen
15081135	Gardelegen, Hansestadt	15081490	Sichau
15081135	Gardelegen, Hansestadt	15081500	Solpke
15084315	Lützen, Stadt	15084090	Dehlitz (Saale)
15084315	Lützen, Stadt	15084315	Lützen, Stadt
15084315	Lützen, Stadt	15084450	Sössen
15084315	Lützen, Stadt	15084600	Zorbau
15084490	Teuchern, Stadt	15084095	Deuben
15084490	Teuchern, Stadt	15084185	Gröben
15084490	Teuchern, Stadt	15084190	Gröbitz
15084490	Teuchern, Stadt	15084270	Krauschwitz
15084490	Teuchern, Stadt	15084365	Nessa
15084490	Teuchern, Stadt	15084400	Prittitz
15084490	Teuchern, Stadt	15084490	Teuchern, Stadt
15084490	Teuchern, Stadt	15084505	Trebnitz
15085235	Quedlinburg, Stadt	15085035	Bad Suderode
15085235	Quedlinburg, Stadt	15085120	Gernrode, Stadt
15085235	Quedlinburg, Stadt	15085255	Rieder
15085330	Thale, Stadt	15085010	Allrode
15088216	Löbejün-Wettin, Stadt	15088055	Brachwitz
15088216	Löbejün-Wettin, Stadt	15088075	Döblitz
15088216	Löbejün-Wettin, Stadt	15088080	Domnitz
15088216	Löbejün-Wettin, Stadt	15088120	Gimritz
15088216	Löbejün-Wettin, Stadt	15088215	Löbejün, Stadt
15088216	Löbejün-Wettin, Stadt	15088240	Nauendorf
15088216	Löbejün-Wettin, Stadt	15088255	Neutz-Lettewitz
15088216	Löbejün-Wettin, Stadt	15088300	Plötz
15088216	Löbejün-Wettin, Stadt	15088315	Rothenburg
15088216	Löbejün-Wettin, Stadt	15088380	Wettin, Stadt
15090435	Rochau	15090305	Klein Schwechten
15091010	Annaburg, Stadt	15091010	Annaburg, Stadt
15091010	Annaburg, Stadt	15091015	Axien
15091010	Annaburg, Stadt	15091025	Bethau
15091010	Annaburg, Stadt	15091125	Groß Naundorf
15091010	Annaburg, Stadt	15091190	Labrun
15091010	Annaburg, Stadt	15091195	Lebien
15091010	Annaburg, Stadt	15091245	Plossig
15091010	Annaburg, Stadt	15091250	Prettin, Stadt
15091110	Gräfenhainichen, Stadt	15091110	Gräfenhainichen, Stadt
15091110	Gräfenhainichen, Stadt	15091220	Möhlau
15091110	Gräfenhainichen, Stadt	15091295	Schköna
15091110	Gräfenhainichen, Stadt	15091350	Tornau
15091110	Gräfenhainichen, Stadt	15091405	Zschornewitz
15091241	Oranienbaum-Wörlitz, Stadt	15091035	Brandhorst
15091241	Oranienbaum-Wörlitz, Stadt	15091105	Gohrau
15091241	Oranienbaum-Wörlitz, Stadt	15091120	Griesen
15091241	Oranienbaum-Wörlitz, Stadt	15091130	Horstdorf
15091241	Oranienbaum-Wörlitz, Stadt	15091155	Kakau
15091241	Oranienbaum-Wörlitz, Stadt	15091240	Oranienbaum, Stadt
15091241	Oranienbaum-Wörlitz, Stadt	15091280	Rehsen
15091241	Oranienbaum-Wörlitz, Stadt	15091285	Riesigk
15091241	Oranienbaum-Wörlitz, Stadt	15091365	Vockerode
15091241	Oranienbaum-Wörlitz, Stadt	15091380	Wörlitz, Stadt
15091391	Zahna-Elster, Stadt	15091070	Dietrichsdorf
15091391	Zahna-Elster, Stadt	15091085	Elster (Elbe)
15091391	Zahna-Elster, Stadt	15091095	Gadegast
15091145	Jessen (Elster), Stadt	15091170	Klöden
15091391	Zahna-Elster, Stadt	15091200	Leetza
15091391	Zahna-Elster, Stadt	15091205	Listerfehrda
15091391	Zahna-Elster, Stadt	15091230	Mühlanger
15091145	Jessen (Elster), Stadt	15091310	Schützberg
15091391	Zahna-Elster, Stadt	15091390	Zahna, Stadt
15091391	Zahna-Elster, Stadt	15091395	Zemnick
15091391	Zahna-Elster, Stadt	15091400	Zörnigall
15088216	Wettin-Löbejün, Stadt	15088216	Löbejün-Wettin, Stadt
09179145	Puchheim, St	09179145	Puchheim
07232123	Speicher, Stadt	07232123	Speicher
09179142	Olching, St	09179142	Olching
13058119	Wedendorfersee	13058056	Köchelstorf
13058119	Wedendorfersee	13058107	Wedendorf
13060080	Tramm	13060025	Göhren
13058014	Boltenhagen	13058014	Boltenhagen
14522080	Döbeln, Stadt	14522080	Döbeln, Stadt
14522080	Döbeln, Stadt	14522100	Ebersbach
15084013	Meineweh	15084013	Anhalt Süd
05754044	Verl, Stadt	05754044	Verl
05362016	Elsdorf, Stadt	05362016	Elsdorf
15086140	Möckern, Stadt	15086140	Möckern, Stadt
03351022	Wienhausen, Klostergemeinde	03351022	Wienhausen
13075039	Greifswald, Hansestadt	13001000	Greifswald, Hansestadt
13071107	Neubrandenburg, Stadt	13002000	Neubrandenburg, Stadt
13073088	Stralsund, Hansestadt	13005000	Stralsund, Hansestadt
13074087	Wismar, Hansestadt	13006000	Wismar, Hansestadt
13072006	Bad Doberan, Stadt	13051004	Bad Doberan, Stadt
13072036	Graal-Müritz	13051022	Graal-Müritz
13072058	Kröpelin, Stadt	13051041	Kröpelin, Stadt
13072060	Kühlungsborn, Stadt	13051042	Kühlungsborn, Stadt
13072074	Neubukow, Stadt	13051047	Neubukow, Stadt
13072091	Sanitz	13051068	Sanitz
13072093	Satow	13051086	Satow
13072029	Dummerstorf	13051089	Dummerstorf
13072001	Admannshagen-Bargeshagen	13051001	Admannshagen-Bargeshagen
13072007	Bartenshagen-Parkentin	13051006	Bartenshagen-Parkentin
13072017	Börgerende-Rethwisch	13051013	Börgerende-Rethwisch
13072047	Hohenfelde	13051028	Hohenfelde
13072075	Nienhagen	13051049	Nienhagen
13072083	Reddelich	13051059	Reddelich
13072086	Retschow	13051063	Retschow
13072099	Steffenshagen	13051074	Steffenshagen
13072117	Wittenbeck	13051083	Wittenbeck
13072019	Broderstorf	13051015	Broderstorf
13072054	Klein Kussewitz	13051037	Klein Kussewitz
13072070	Mandelshagen	13051045	Mandelshagen
13072081	Poppendorf	13051054	Poppendorf
13072087	Roggentin	13051064	Roggentin
13072100	Steinfeld	13051075	Steinfeld
13072108	Thulendorf	13051079	Thulendorf
13072002	Alt Bukow	13051002	Alt Bukow
13072008	Bastorf	13051007	Bastorf
13072014	Biendorf	13051010	Biendorf
13072052	Kirch Mulsow	13051036	Kirch Mulsow
13072085	Rerik, Stadt	13051062	Rerik, Stadt
13072005	Am Salzhaff	13051087	Am Salzhaff
13072022	Carinerland	13051088	Carinerland
13072012	Bentwisch	13051009	Bentwisch
13072015	Blankenhagen	13051011	Blankenhagen
13072032	Gelbensande	13051020	Gelbensande
13072072	Mönchhagen	13051046	Mönchhagen
13072088	Rövershagen	13051066	Rövershagen
13072011	Benitz	13051008	Benitz
13072018	Bröbberow	13051014	Bröbberow
13072051	Kassow	13051033	Kassow
13072090	Rukieten	13051067	Rukieten
13072095	Schwaan, Stadt	13051071	Schwaan, Stadt
13072110	Vorbeck	13051080	Vorbeck
13072116	Wiendorf	13051082	Wiendorf
13072030	Elmenhorst/Lichtenhagen	13051019	Elmenhorst/Lichtenhagen
13072057	Kritzmow	13051040	Kritzmow
13072064	Lambrechtshagen	13051043	Lambrechtshagen
13072077	Papendorf	13051051	Papendorf
13072080	Pölchow	13051053	Pölchow
13072098	Stäbelow	13051073	Stäbelow
13072121	Ziesendorf	13051085	Ziesendorf
13072021	Cammin	13051016	Cammin
13072034	Gnewitz	13051021	Gnewitz
13072037	Grammow	13051023	Grammow
13072076	Nustrow	13051050	Nustrow
13072097	Selpin	13051072	Selpin
13072102	Stubbendorf	13051076	Stubbendorf
13072105	Tessin, Stadt	13051077	Tessin, Stadt
13072107	Thelkow	13051078	Thelkow
13072118	Zarnewanz	13051084	Zarnewanz
13071027	Dargun, Stadt	13052017	Dargun, Stadt
13071029	Demmin, Hansestadt	13052018	Demmin, Hansestadt
13075030	Düvier	13052020	Düvier
13075036	Görmin	13052026	Görmin
13075082	Loitz, Stadt	13052049	Loitz, Stadt
13075123	Sassen-Trantow	13052098	Sassen-Trantow
13075002	Alt Tellin	13052001	Alt Tellin
13075009	Bentzin	13052008	Bentzin
13075023	Daberkow	13052016	Daberkow
13075054	Jarmen, Stadt	13052039	Jarmen, Stadt
13075070	Kruckow	13052046	Kruckow
13075134	Tutow	13052078	Tutow
13075140	Völschow	13052083	Völschow
13071008	Beggerow	13052007	Beggerow
13071064	Hohenbollentin	13052035	Hohenbollentin
13071089	Lindenberg	13052048	Lindenberg
13071096	Meesiger	13052051	Meesiger
13071072	Kentzlin	13052054	Kentzlin
13071112	Nossendorf	13052056	Nossendorf
13071128	Sarow	13052067	Sarow
13071131	Schönfeld	13052070	Schönfeld
13071139	Sommersdorf	13052073	Sommersdorf
13071150	Verchen	13052082	Verchen
13071157	Warrenzin	13052085	Warrenzin
13071014	Borrentin	13052093	Borrentin
13071065	Hohenmocker	13052094	Hohenmocker
13071076	Kletzin	13052095	Kletzin
13071136	Siedenbrünzow	13052096	Siedenbrünzow
13071148	Utzedel	13052097	Utzedel
13071002	Altenhagen	13052002	Altenhagen
13071004	Altentreptow, Stadt	13052003	Altentreptow, Stadt
13071006	Bartow	13052004	Bartow
13071016	Breesen	13052011	Breesen
13071017	Breest	13052012	Breest
13071022	Burow	13052015	Burow
13071041	Gnevkow	13052024	Gnevkow
13071044	Golchen	13052025	Golchen
13071049	Grapzow	13052029	Grapzow
13071050	Grischow	13052030	Grischow
13071057	Groß Teetzleben	13052032	Groß Teetzleben
13071059	Gültz	13052033	Gültz
13071081	Kriesow	13052045	Kriesow
13071120	Pripsleben	13052059	Pripsleben
13071125	Röckwitz	13052064	Röckwitz
13071135	Siedenbollentin	13052071	Siedenbollentin
13071146	Tützpatz	13052079	Tützpatz
13071158	Werder	13052086	Werder
13071160	Wildberg	13052087	Wildberg
13071163	Wolde	13052088	Wolde
13071007	Basedow	13052005	Basedow
13071030	Duckow	13052019	Duckow
13071032	Faulenrost	13052021	Faulenrost
13071039	Gielow	13052022	Gielow
13071084	Kummerow	13052047	Kummerow
13071092	Malchin, Stadt	13052050	Malchin, Stadt
13071109	Neukalen, Stadt	13052055	Neukalen, Stadt
13071015	Bredenfelde	13052010	Bredenfelde
13071018	Briggow	13052013	Briggow
13071048	Grammentin	13052028	Grammentin
13071060	Gülzow	13052034	Gülzow
13071068	Ivenack	13052038	Ivenack
13071070	Jürgenstorf	13052040	Jürgenstorf
13071074	Kittendorf	13052042	Kittendorf
13071079	Knorrendorf	13052044	Knorrendorf
13071102	Mölln	13052053	Mölln
13071123	Ritzerow	13052063	Ritzerow
13071127	Rosenow	13052065	Rosenow
13071142	Stavenhagen, Reuterstadt, Stadt	13052074	Stavenhagen, Reuterstadt, Stadt
13071169	Zettemin	13052092	Zettemin
13072043	Güstrow, Stadt	13053031	Güstrow, Stadt
13072106	Teterow, Stadt	13053087	Teterow, Stadt
13072009	Baumgarten	13053004	Baumgarten
13072013	Bernitt	13053007	Bernitt
13072020	Bützow, Stadt	13053013	Bützow, Stadt
13072028	Dreetz	13053019	Dreetz
13072050	Jürgenshagen	13053037	Jürgenshagen
13072053	Klein Belitz	13053039	Klein Belitz
13072078	Penzin	13053067	Penzin
13072089	Rühn	13053078	Rühn
13072101	Steinhagen	13053083	Steinhagen
13072104	Tarnow	13053086	Tarnow
13072114	Warnow	13053094	Warnow
13072120	Zepelin	13053099	Zepelin
13072004	Altkalen	13053003	Altkalen
13072010	Behren-Lübchin	13053005	Behren-Lübchin
13072016	Boddin	13053008	Boddin
13072031	Finkenthal	13053020	Finkenthal
13072035	Gnoien, Stadt	13053022	Gnoien, Stadt
13072068	Lühburg	13053056	Lühburg
13072111	Walkendorf	13053091	Walkendorf
13072115	Wasdow	13053095	Wasdow
13072033	Glasewitz	13053021	Glasewitz
13072039	Groß Schwiesow	13053027	Groß Schwiesow
13072044	Gutow	13053032	Gutow
13072055	Klein Upahl	13053041	Klein Upahl
13072061	Kuhs	13053045	Kuhs
13072067	Lohmen	13053054	Lohmen
13072069	Lüssow	13053057	Lüssow
13072071	Mistorf	13053060	Mistorf
13072073	Mühl Rosin	13053062	Mühl Rosin
13072079	Plaaz	13053068	Plaaz
13072084	Reimershagen	13053075	Reimershagen
13072092	Sarmstorf	13053080	Sarmstorf
13072119	Zehna	13053098	Zehna
13072042	Gülzow-Prüzen	13053104	Gülzow-Prüzen
13072048	Hoppenrade	13053035	Hoppenrade
13072056	Krakow am See, Stadt	13053043	Krakow am See, Stadt
13072059	Kuchelmiß	13053044	Kuchelmiß
13072063	Lalendorf	13053048	Lalendorf
13072065	Langhagen	13053049	Langhagen
13072026	Dobbin-Linstow	13053102	Dobbin-Linstow
13072003	Alt Sührkow	13053002	Alt Sührkow
13072023	Dahmen	13053015	Dahmen
13072024	Dalkendorf	13053016	Dalkendorf
13072038	Groß Roge	13053026	Groß Roge
13072040	Groß Wokern	13053028	Groß Wokern
13072041	Groß Wüstenfelde	13053029	Groß Wüstenfelde
13072045	Hohen Demzin	13053033	Hohen Demzin
13072049	Jördenstorf	13053036	Jördenstorf
13072066	Lelkendorf	13053050	Lelkendorf
13072109	Thürkow	13053088	Thürkow
13072113	Warnkenhagen	13053093	Warnkenhagen
13072094	Schorssow	13053105	Schorssow
13072096	Schwasdorf	13053106	Schwasdorf
13072103	Sukow-Levitzow	13053107	Sukow-Levitzow
13072082	Prebberede	13053109	Prebberede
13072025	Diekhof	13053017	Diekhof
13072046	Hohen Sprenz	13053034	Hohen Sprenz
13072062	Laage, Stadt	13053047	Laage, Stadt
13072112	Wardow	13053092	Wardow
13072027	Dolgen am See	13053103	Dolgen am See
13076014	Boizenburg/ Elbe, Stadt	13054013	Boizenburg/ Elbe, Stadt
13076060	Hagenow, Stadt	13054043	Hagenow, Stadt
13076088	Lübtheen, Stadt	13054067	Lübtheen, Stadt
13076090	Ludwigslust, Stadt	13054069	Ludwigslust, Stadt
13076010	Besitz	13054009	Besitz
13076016	Brahlstorf	13054014	Brahlstorf
13076030	Dersenow	13054022	Dersenow
13076054	Gresse	13054039	Gresse
13076055	Greven	13054040	Greven
13076102	Neu Gülze	13054078	Neu Gülze
13076106	Nostorf	13054083	Nostorf
13076122	Schwanheide	13054096	Schwanheide
13076136	Teldau	13054102	Teldau
13076138	Tessin b. Boizenburg	13054103	Tessin b. Boizenburg
13076009	Bengerstorf	13054127	Bengerstorf
13076002	Alt Zachun	13054002	Alt Zachun
13076004	Bandenitz	13054004	Bandenitz
13076008	Belsch	13054007	Belsch
13076013	Bobzin	13054011	Bobzin
13076019	Bresegard bei Picher	13054016	Bresegard bei Picher
13076041	Gammelin	13054031	Gammelin
13076057	Groß Krams	13054041	Groß Krams
13076064	Hoort	13054046	Hoort
13076065	Hülseburg	13054047	Hülseburg
13076070	Kirch Jesar	13054052	Kirch Jesar
13076079	Kuhstorf	13054060	Kuhstorf
13076099	Moraas	13054076	Moraas
13076110	Pätow-Steegen	13054086	Pätow-Steegen
13076111	Picher	13054087	Picher
13076116	Pritzier	13054090	Pritzier
13076119	Redefin	13054092	Redefin
13076123	Setzin	13054097	Setzin
13076131	Strohkirchen	13054100	Strohkirchen
13076139	Toddin	13054106	Toddin
13076145	Warlitz	13054111	Warlitz
13076001	Alt Krenzlin	13054001	Alt Krenzlin
13076018	Bresegard bei Eldena	13054017	Bresegard bei Eldena
13076046	Göhlen	13054034	Göhlen
13076058	Groß Laasch	13054042	Groß Laasch
13076084	Leussow	13054064	Leussow
13076086	Lübesse	13054065	Lübesse
13076087	Lüblow	13054066	Lüblow
13076118	Rastow	13054091	Rastow
13076134	Sülstorf	13054101	Sülstorf
13076141	Uelitz	13054107	Uelitz
13076146	Warlow	13054112	Warlow
13076156	Wöbbelin	13054119	Wöbbelin
13076012	Blievenstorf	13054010	Blievenstorf
13076017	Brenz	13054015	Brenz
13076105	Neustadt-Glewe, Stadt	13054081	Neustadt-Glewe, Stadt
13076036	Dümmer	13054027	Dümmer
13076063	Holthusen	13054045	Holthusen
13076071	Klein Rogahn	13054054	Klein Rogahn
13076107	Pampow	13054084	Pampow
13076121	Schossin	13054095	Schossin
13076130	Stralendorf	13054099	Stralendorf
13076147	Warsow	13054113	Warsow
13076154	Wittenförden	13054118	Wittenförden
13076163	Zülow	13054123	Zülow
13076039	Gallin	13054030	Gallin
13076073	Kogel	13054056	Kogel
13076142	Vellahn	13054109	Vellahn
13076159	Zarrentin am Schaalsee, Stadt	13054121	Zarrentin am Schaalsee, Stadt
13076092	Lüttow-Valluhn	13054126	Lüttow-Valluhn
13076074	Körchow	13054057	Körchow
13076083	Lehsen	13054063	Lehsen
13076152	Wittenburg, Stadt	13054117	Wittenburg, Stadt
13076153	Wittendörp	13054124	Wittendörp
13076034	Dömitz, Stadt	13054024	Dömitz, Stadt
13076067	Karenz	13054049	Karenz
13076093	Malk Göhren	13054071	Malk Göhren
13076094	Malliß	13054072	Malliß
13076103	Neu Kaliß	13054079	Neu Kaliß
13076143	Vielank	13054110	Vielank
13076053	Grebs-Niendorf	13054125	Grebs-Niendorf
13076003	Balow	13054003	Balow
13076021	Brunow	13054018	Brunow
13076027	Dambeck	13054021	Dambeck
13076037	Eldena	13054028	Eldena
13076049	Gorlosen	13054035	Gorlosen
13076050	Grabow, Stadt	13054037	Grabow, Stadt
13076069	Karstädt	13054051	Karstädt
13076076	Kremmin	13054058	Kremmin
13076097	Milow	13054074	Milow
13076098	Möllenbeck	13054075	Möllenbeck
13076100	Muchow	13054077	Muchow
13076115	Prislich	13054089	Prislich
13076127	Steesow	13054098	Steesow
13076161	Zierzow	13054122	Zierzow
13071110	Neustrelitz, Stadt	13055050	Neustrelitz, Stadt
13071033	Feldberger Seenlandschaft	13055082	Feldberger Seenlandschaft
13071035	Friedland, Stadt	13055020	Friedland, Stadt
13071038	Genzkow	13055021	Genzkow
13071040	Glienke	13055022	Glienke
13071031	Eichhorst	13055085	Eichhorst
13071028	Datzetal	13055088	Datzetal
13071037	Galenbeck	13055089	Galenbeck
13071011	Blankensee	13055004	Blankensee
13071012	Blumenholz	13055005	Blumenholz
13071025	Carpin	13055011	Carpin
13071042	Godendorf	13055023	Godendorf
13071058	Grünow	13055029	Grünow
13071066	Hohenzieritz	13055032	Hohenzieritz
13071075	Klein Vielen	13055035	Klein Vielen
13071080	Kratzeburg	13055037	Kratzeburg
13071100	Möllenbeck	13055045	Möllenbeck
13071147	Userin	13055070	Userin
13071162	Wokuhl-Dabelow	13055086	Wokuhl-Dabelow
13071009	Beseritz	13055002	Beseritz
13071010	Blankenhof	13055003	Blankenhof
13071019	Brunn	13055008	Brunn
13071104	Neddemin	13055046	Neddemin
13071108	Neuenkirchen	13055049	Neuenkirchen
13071111	Neverin	13055051	Neverin
13071141	Staven	13055066	Staven
13071145	Trollenhagen	13055069	Trollenhagen
13071161	Woggersin	13055076	Woggersin
13071166	Wulkenzin	13055079	Wulkenzin
13071170	Zirzow	13055081	Zirzow
13071140	Sponholz	13055090	Sponholz
13071021	Burg Stargard, Stadt	13055009	Burg Stargard, Stadt
13071024	Cammin	13055010	Cammin
13071026	Cölpin	13055012	Cölpin
13071055	Groß Nemerow	13055028	Groß Nemerow
13071067	Holldorf	13055033	Holldorf
13071117	Pragsdorf	13055054	Pragsdorf
13071090	Lindetal	13055087	Lindetal
13071083	Kublank	13055039	Kublank
13071098	Mildenitz	13055043	Mildenitz
13071105	Neetzka	13055047	Neetzka
13071116	Petersdorf	13055053	Petersdorf
13071130	Schönbeck	13055061	Schönbeck
13071132	Schönhausen	13055062	Schönhausen
13071153	Voigtsdorf	13055071	Voigtsdorf
13071164	Woldegk, Stadt	13055078	Woldegk, Stadt
13071054	Groß Miltzow	13055083	Groß Miltzow
13071061	Helpt	13055084	Helpt
13071099	Mirow, Stadt	13055044	Mirow, Stadt
13071119	Priepert	13055055	Priepert
13071126	Roggentin	13055058	Roggentin
13071159	Wesenberg, Stadt	13055074	Wesenberg, Stadt
13071167	Wustrow	13055080	Wustrow
13071156	Waren (Müritz), Stadt	13056072	Waren (Müritz), Stadt
13071005	Ankershagen	13056006	Ankershagen
13071082	Krukow	13056033	Krukow
13071086	Lapitz	13056035	Lapitz
13071094	Mallin	13056042	Mallin
13071101	Möllenhagen	13056047	Möllenhagen
13071115	Penzlin, Stadt	13056053	Penzlin, Stadt
13071121	Puchow	13056055	Puchow
13071001	Alt Schwerin	13056004	Alt Schwerin
13071043	Göhren-Lebbin	13056011	Göhren-Lebbin
13071093	Malchow, Stadt	13056041	Malchow, Stadt
13071113	Nossentiner Hütte	13056051	Nossentiner Hütte
13071114	Penkow	13056052	Penkow
13071138	Silz	13056064	Silz
13071155	Walow	13056071	Walow
13071171	Zislow	13056075	Zislow
13071036	Fünfseen	13056076	Fünfseen
13071047	Grabowhöfe	13056014	Grabowhöfe
13071051	Groß Dratow	13056015	Groß Dratow
13071052	Groß Gievitz	13056017	Groß Gievitz
13071056	Groß Plasten	13056019	Groß Plasten
13071062	Hinrichshagen	13056022	Hinrichshagen
13071063	Hohen Wangelin	13056023	Hohen Wangelin
13071069	Jabel	13056024	Jabel
13071071	Kargow	13056027	Kargow
13071077	Klink	13056030	Klink
13071078	Klocksin	13056031	Klocksin
13071103	Moltzow	13056049	Moltzow
13071106	Neu Gaarz	13056050	Neu Gaarz
13071129	Schloen	13056060	Schloen
13071134	Schwinkendorf	13056062	Schwinkendorf
13071144	Torgelow am See	13056066	Torgelow am See
13071149	Varchentin	13056067	Varchentin
13071151	Vielist	13056068	Vielist
13071154	Vollrathsruhe	13056070	Vollrathsruhe
13071085	Lansen-Schönau	13056077	Lansen-Schönau
13071003	Altenhof	13056005	Altenhof
13071013	Bollewick	13056007	Bollewick
13071020	Buchholz	13056008	Buchholz
13071023	Bütow	13056009	Bütow
13071034	Fincken	13056010	Fincken
13071045	Gotthun	13056012	Gotthun
13071046	Grabow-Below	13056013	Grabow-Below
13071053	Groß Kelle	13056018	Groß Kelle
13071073	Kieve	13056028	Kieve
13071087	Lärz	13056036	Lärz
13071088	Leizen	13056037	Leizen
13071091	Ludorf	13056039	Ludorf
13071095	Massow	13056044	Massow
13071097	Melz	13056045	Melz
13071118	Priborn	13056054	Priborn
13071122	Rechlin	13056056	Rechlin
13071124	Röbel/Müritz, Stadt	13056057	Röbel/Müritz, Stadt
13071133	Schwarz	13056061	Schwarz
13071137	Sietow	13056063	Sietow
13071143	Stuer	13056065	Stuer
13071152	Vipperow	13056069	Vipperow
13071165	Wredenhagen	13056073	Wredenhagen
13071168	Zepkow	13056074	Zepkow
13073035	Grimmen, Stadt	13057036	Grimmen, Stadt
13073055	Marlow, Stadt	13057057	Marlow, Stadt
13073105	Zingst	13057096	Zingst
13073089	Süderholz	13057097	Süderholz
13073005	Altenpleen	13057005	Altenpleen
13073037	Groß Mohrdorf	13057038	Groß Mohrdorf
13073044	Klausdorf	13057047	Klausdorf
13073046	Kramerhof	13057049	Kramerhof
13073066	Preetz	13057067	Preetz
13073068	Prohn	13057069	Prohn
13073002	Ahrenshoop	13057002	Ahrenshoop
13073012	Born a. Darß	13057013	Born a. Darß
13073017	Dierhagen	13057022	Dierhagen
13073067	Prerow	13057068	Prerow
13073100	Wieck a. Darß	13057091	Wieck a. Darß
13073103	Wustrow	13057094	Wustrow
13073024	Franzburg, Stadt	13057028	Franzburg, Stadt
13073029	Glewitz	13057030	Glewitz
13073062	Papenhagen	13057065	Papenhagen
13073076	Richtenberg, Stadt	13057075	Richtenberg, Stadt
13073086	Splietsdorf	13057081	Splietsdorf
13073096	Velgast	13057087	Velgast
13073097	Weitenhagen	13057088	Weitenhagen
13073098	Wendisch Baggendorf	13057089	Wendisch Baggendorf
13073034	Gremersdorf-Buchholz	13057099	Gremersdorf-Buchholz
13073057	Millienhagen-Oebelitz	13057100	Millienhagen-Oebelitz
13073023	Elmenhorst	13057027	Elmenhorst
13073102	Wittenhagen	13057093	Wittenhagen
13073090	Sundhagen 	13057104	Sundhagen 
13073036	Groß Kordshagen	13057037	Groß Kordshagen
13073041	Jakobsdorf	13057041	Jakobsdorf
13073047	Kummerow	13057051	Kummerow
13073054	Lüssow	13057056	Lüssow
13073058	Neu Bartelshagen	13057060	Neu Bartelshagen
13073060	Niepars	13057062	Niepars
13073061	Pantelitz	13057064	Pantelitz
13073087	Steinhagen	13057083	Steinhagen
13073099	Wendorf	13057090	Wendorf
13073104	Zarrendorf	13057095	Zarrendorf
13073007	Bad Sülze, Stadt	13057006	Bad Sülze, Stadt
13073015	Dettmannsdorf	13057020	Dettmannsdorf
13073016	Deyelsdorf	13057021	Deyelsdorf
13073020	Drechow	13057024	Drechow
13073022	Eixen	13057026	Eixen
13073032	Grammendorf	13057031	Grammendorf
13073033	Gransebieth	13057032	Gransebieth
13073039	Hugoldsdorf	13057040	Hugoldsdorf
13073093	Tribsees, Stadt	13057085	Tribsees, Stadt
13073050	Lindholz	13057103	Lindholz
13073075	Ribnitz-Damgarten, Stadt	13057074	Ribnitz-Damgarten, Stadt
13073082	Schlemmin	13057077	Schlemmin
13073085	Semlow	13057079	Semlow
13073001	Ahrenshagen-Daskow	13057102	Ahrenshagen-Daskow
13073008	Bartelshagen II b. Barth	13057008	Bartelshagen II b. Barth
13073009	Barth, Stadt	13057009	Barth, Stadt
13073025	Fuhlendorf	13057029	Fuhlendorf
13073042	Karnin	13057043	Karnin
13073051	Löbnitz	13057054	Löbnitz
13073053	Lüdershagen	13057055	Lüdershagen
13073069	Pruchten	13057070	Pruchten
13073077	Saal	13057076	Saal
13073094	Trinwillershagen	13057086	Trinwillershagen
13073018	Divitz-Spoldershagen	13057098	Divitz-Spoldershagen
13073043	Kenz-Küstrow	13057101	Kenz-Küstrow
13074026	Grevesmühlen, Stadt	13058034	Grevesmühlen, Stadt
13074035	Insel Poel	13058050	Insel Poel
13074005	Bernstorf	13058008	Bernstorf
13074011	Börzow	13058015	Börzow
13074022	Gägelow	13058029	Gägelow
13074051	Mallentin	13058067	Mallentin
13074063	Plüschow	13058081	Plüschow
13074069	Roggenstorf	13058089	Roggenstorf
13074071	Rüting	13058091	Rüting
13074077	Testorf-Steinfort	13058098	Testorf-Steinfort
13074079	Upahl	13058100	Upahl
13074085	Warnow	13058106	Warnow
13074010	Boltenhagen	13058014	Boltenhagen
13074039	Klütz, Stadt	13058054	Klütz, Stadt
13074089	Zierow	13058109	Zierow
13074037	Kalkhorst	13058113	Kalkhorst
13074032	Hohenkirchen	13058116	Hohenkirchen
13074016	Damshagen 	13058118	Damshagen 
13074004	Benz	13058007	Benz
13074007	Blowatz	13058010	Blowatz
13074009	Boiensdorf	13058012	Boiensdorf
13074034	Hornstorf	13058049	Hornstorf
13074044	Krusenhagen	13058059	Krusenhagen
13074056	Neuburg	13058073	Neuburg
13074013	Carlow	13058018	Carlow
13074018	Dechow	13058023	Dechow
13074028	Groß Molzahn	13058038	Groß Molzahn
13074033	Holdorf	13058048	Holdorf
13074055	Nesow	13058072	Nesow
13074065	Rehna, Stadt	13058084	Rehna, Stadt
13074066	Rieps	13058086	Rieps
13074073	Schlagsdorf	13058093	Schlagsdorf
13074078	Thandorf	13058099	Thandorf
13074080	Utecht	13058101	Utecht
13074083	Vitense	13058104	Vitense
13074042	Königsfeld	13058115	Königsfeld
13074092	Wedendorfersee	13058119	Wedendorfersee
13074020	Dragun	13058026	Dragun
13074021	Gadebusch, Stadt	13058028	Gadebusch, Stadt
13074040	Kneese	13058055	Kneese
13074043	Krembz	13058058	Krembz
13074054	Mühlen Eichsen	13058071	Mühlen Eichsen
13074068	Roggendorf	13058088	Roggendorf
13074070	Rögnitz	13058090	Rögnitz
13074081	Veelböken	13058102	Veelböken
13074017	Dassow, Stadt	13058022	Dassow, Stadt
13074027	Grieben	13058035	Grieben
13074029	Groß Siemz	13058041	Groß Siemz
13074045	Lockwisch	13058060	Lockwisch
13074049	Lüdersdorf	13058065	Lüdersdorf
13074052	Menzendorf	13058068	Menzendorf
13074058	Niendorf	13058075	Niendorf
13074059	Papenhusen	13058076	Papenhusen
13074067	Roduchelstorf	13058087	Roduchelstorf
13074074	Schönberg, Stadt	13058094	Schönberg, Stadt
13074076	Selmsdorf	13058096	Selmsdorf
13074006	Bibow	13058009	Bibow
13074023	Glasin	13058030	Glasin
13074036	Jesendorf	13058051	Jesendorf
13074046	Lübberstorf	13058062	Lübberstorf
13074057	Neukloster, Stadt	13058074	Neukloster, Stadt
13074060	Passee	13058078	Passee
13074084	Warin, Stadt	13058105	Warin, Stadt
13074090	Zurow	13058110	Zurow
13074091	Züsow	13058111	Züsow
13074002	Bad Kleinen	13058003	Bad Kleinen
13074003	Barnekow	13058005	Barnekow
13074019	Dorf Mecklenburg	13058025	Dorf Mecklenburg
13074030	Groß Stieten	13058042	Groß Stieten
13074031	Hohen Viecheln	13058047	Hohen Viecheln
13074047	Lübow	13058063	Lübow
13074053	Metelsdorf	13058069	Metelsdorf
13074082	Ventschow	13058103	Ventschow
13074008	Bobitz	13058114	Bobitz
13074001	Alt Meteln	13058001	Alt Meteln
13074012	Brüsewitz	13058016	Brüsewitz
13074014	Cramonshagen	13058019	Cramonshagen
13074015	Dalberg-Wendelstorf	13058020	Dalberg-Wendelstorf
13074024	Gottesgabe	13058031	Gottesgabe
13074025	Grambow	13058032	Grambow
13074038	Klein Trebbow	13058053	Klein Trebbow
13074048	Lübstorf	13058064	Lübstorf
13074050	Lützow	13058066	Lützow
13074061	Perlin	13058079	Perlin
13074062	Pingelshagen	13058080	Pingelshagen
13074064	Pokrent	13058082	Pokrent
13074075	Seehof	13058095	Seehof
13074088	Zickhusen	13058108	Zickhusen
13074072	Schildetal 	13058117	Schildetal 
13075005	Anklam, Stadt	13059002	Anklam, Stadt
13075049	Heringsdorf	13059112	Heringsdorf
13075008	Behrenhoff	13059006	Behrenhoff
13075025	Dargelin	13059016	Dargelin
13075027	Dersekow	13059018	Dersekow
13075028	Diedrichshagen	13059019	Diedrichshagen
13075050	Hinrichshagen	13059031	Hinrichshagen
13075076	Levenhagen	13059050	Levenhagen
13075091	Mesekenhagen	13059062	Mesekenhagen
13075102	Neuenkirchen	13059074	Neuenkirchen
13075141	Wackerow	13059098	Wackerow
13075142	Weitenhagen	13059099	Weitenhagen
13075018	Brünzow	13059011	Brünzow
13075046	Hanshagen	13059029	Hanshagen
13075059	Katzow	13059039	Katzow
13075060	Kemnitz	13059040	Kemnitz
13075069	Kröslin	13059046	Kröslin
13075081	Loissin	13059053	Loissin
13075083	Lubmin	13059055	Lubmin
13075097	Neu Boltenhagen	13059069	Neu Boltenhagen
13075120	Rubenow	13059085	Rubenow
13075146	Wusterhusen	13059103	Wusterhusen
13075019	Buddenhagen	13059012	Buddenhagen
13075021	Buggenhagen	13059014	Buggenhagen
13075052	Hohendorf	13059032	Hohendorf
13075072	Krummin	13059047	Krummin
13075074	Lassan, Stadt	13059049	Lassan, Stadt
13075087	Lütow	13059059	Lütow
13075124	Sauzin	13059088	Sauzin
13075144	Wolgast, Stadt	13059101	Wolgast, Stadt
13075147	Zemitz	13059104	Zemitz
13075058	Karlshagen	13059038	Karlshagen
13075092	Mölschow	13059063	Mölschow
13075106	Peenemünde	13059075	Peenemünde
13075133	Trassenheide	13059095	Trassenheide
13075151	Zinnowitz	13059107	Zinnowitz
13075010	Benz	13059007	Benz
13075026	Dargen	13059017	Dargen
13075034	Garz	13059022	Garz
13075056	Kamminke	13059036	Kamminke
13075065	Korswandt	13059043	Korswandt
13075066	Koserow	13059044	Koserow
13075080	Loddin	13059052	Loddin
13075111	Pudagla	13059078	Pudagla
13075114	Rankwitz	13059081	Rankwitz
13075129	Stolpe auf Usedom	13059094	Stolpe auf Usedom
13075135	Ückeritz	13059096	Ückeritz
13075137	Usedom, Stadt	13059097	Usedom, Stadt
13075148	Zempin	13059105	Zempin
13075152	Zirchow	13059109	Zirchow
13075090	Mellenthin	13059111	Mellenthin
13075006	Bandelin	13059003	Bandelin
13075040	Gribow	13059023	Gribow
13075041	Groß Kiesow	13059025	Groß Kiesow
13075043	Groß Polzin	13059027	Groß Polzin
13075044	Gützkow, Stadt	13059028	Gützkow, Stadt
13075057	Karlsburg	13059037	Karlsburg
13075061	Klein Bünzow	13059041	Klein Bünzow
13075064	Kölzin	13059042	Kölzin
13075086	Lühmannsdorf	13059057	Lühmannsdorf
13075094	Murchin	13059065	Murchin
13075121	Rubkow	13059086	Rubkow
13075125	Schmatzin	13059089	Schmatzin
13075145	Wrangelsburg	13059102	Wrangelsburg
13075150	Ziethen	13059106	Ziethen
13075154	Züssow	13059110	Züssow
13075007	Bargischow	13059005	Bargischow
13075013	Blesewitz	13059008	Blesewitz
13075015	Boldekow	13059009	Boldekow
13075020	Bugewitz	13059013	Bugewitz
13075022	Butzow	13059015	Butzow
13075029	Ducherow	13059021	Ducherow
13075053	Iven	13059033	Iven
13075068	Krien	13059045	Krien
13075073	Krusenfelde	13059048	Krusenfelde
13075077	Liepen	13059051	Liepen
13075088	Medow	13059060	Medow
13075096	Neetzow	13059066	Neetzow
13075098	Neu Kosenow	13059070	Neu Kosenow
13075099	Neuendorf A	13059071	Neuendorf A
13075100	Neuendorf B	13059072	Neuendorf B
13075101	Neuenkirchen	13059073	Neuenkirchen
13075110	Postlow	13059077	Postlow
13075112	Putzar	13059080	Putzar
13075116	Rossin	13059084	Rossin
13075122	Sarnow	13059087	Sarnow
13075127	Spantekow	13059091	Spantekow
13075128	Stolpe	13059093	Stolpe
13076108	Parchim, Stadt	13060056	Parchim, Stadt
13076005	Banzkow	13060001	Banzkow
13076113	Plate	13060060	Plate
13076133	Sukow	13060077	Sukow
13076007	Barnin	13060003	Barnin
13076023	Bülow	13060008	Bülow
13076025	Crivitz, Stadt	13060010	Crivitz, Stadt
13076029	Demen	13060013	Demen
13076038	Friedrichsruhe	13060017	Friedrichsruhe
13076140	Tramm	13060080	Tramm
13076158	Zapel	13060090	Zapel
13076024	Cambs	13060009	Cambs
13076044	Gneven	13060022	Gneven
13076045	Godern	13060024	Godern
13076080	Langen Brütz	13060045	Langen Brütz
13076082	Leezen	13060048	Leezen
13076112	Pinnow	13060059	Pinnow
13076117	Raben Steinfeld	13060063	Raben Steinfeld
13076033	Dobin am See	13060096	Dobin am See
13076011	Blankenberg	13060004	Blankenberg
13076015	Borkow	13060005	Borkow
13076020	Brüel, Stadt	13060007	Brüel, Stadt
13076026	Dabel	13060011	Dabel
13076062	Hohen Pritz	13060035	Hohen Pritz
13076072	Kobrow	13060040	Kobrow
13076081	Langen Jarchow	13060046	Langen Jarchow
13076101	Mustin	13060054	Mustin
13076128	Sternberg, Stadt	13060073	Sternberg, Stadt
13076148	Weitendorf	13060082	Weitendorf
13076155	Witzin	13060088	Witzin
13076157	Zahrensdorf	13060089	Zahrensdorf
13076078	Kuhlen-Wendorf	13060097	Kuhlen-Wendorf
13076043	Gischow	13060021	Gischow
13076051	Granzin	13060028	Granzin
13076061	Herzberg	13060033	Herzberg
13076066	Karbow-Vietlübbe	13060036	Karbow-Vietlübbe
13076075	Kreien	13060041	Kreien
13076077	Kritzow	13060042	Kritzow
13076089	Lübz, Stadt	13060049	Lübz, Stadt
13076091	Lutheran	13060050	Lutheran
13076095	Marnitz	13060051	Marnitz
13076109	Passow	13060057	Passow
13076125	Siggelkow	13060071	Siggelkow
13076132	Suckow	13060076	Suckow
13076137	Tessenow	13060079	Tessenow
13076144	Wahlstorf	13060081	Wahlstorf
13076151	Werder	13060086	Werder
13076040	Gallin-Kuppentin	13060093	Gallin-Kuppentin
13076028	Damm	13060012	Damm
13076035	Domsühl	13060016	Domsühl
13076052	Grebbin	13060029	Grebbin
13076056	Groß Godems	13060030	Groß Godems
13076059	Groß Niendorf	13060032	Groß Niendorf
13076068	Karrenzin	13060038	Karrenzin
13076120	Rom	13060067	Rom
13076124	Severin	13060070	Severin
13076126	Spornitz	13060072	Spornitz
13076129	Stolpe	13060074	Stolpe
13076160	Ziegendorf	13060091	Ziegendorf
13076162	Zölkow	13060092	Zölkow
13076085	Lewitzrand 	13060098	Lewitzrand 
13076042	Ganzlin	13060020	Ganzlin
13076114	Plau am See, Stadt	13060061	Plau am See, Stadt
13076149	Wendisch Priborn	13060083	Wendisch Priborn
13076006	Barkhagen	13060094	Barkhagen
13076022	Buchberg	13060095	Buchberg
13076031	Diestelow	13060014	Diestelow
13076032	Dobbertin	13060015	Dobbertin
13076048	Goldberg, Stadt	13060026	Goldberg, Stadt
13076096	Mestlin	13060053	Mestlin
13076104	Neu Poserin	13060055	Neu Poserin
13076150	Wendisch Waren	13060084	Wendisch Waren
13076135	Techentin 	13060099	Techentin 
13073011	Binz	13061005	Binz
13073070	Putbus, Stadt	13061028	Putbus, Stadt
13073080	Sassnitz, Stadt	13061035	Sassnitz, Stadt
13073006	Baabe	13061003	Baabe
13073026	Gager	13061010	Gager
13073031	Göhren	13061014	Göhren
13073048	Lancken-Granitz	13061020	Lancken-Granitz
13073056	Middelhagen	13061023	Middelhagen
13073084	Sellin	13061038	Sellin
13073091	Thiessow	13061040	Thiessow
13073106	Zirkow	13061044	Zirkow
13073004	Altenkirchen	13061002	Altenkirchen
13073013	Breege	13061006	Breege
13073019	Dranske	13061008	Dranske
13073030	Glowe	13061013	Glowe
13073052	Lohme	13061022	Lohme
13073071	Putgarten	13061029	Putgarten
13073078	Sagard	13061033	Sagard
13073101	Wiek	13061043	Wiek
13073003	Altefähr	13061001	Altefähr
13073021	Dreschvitz	13061009	Dreschvitz
13073028	Gingst	13061012	Gingst
13073040	Insel Hiddensee	13061017	Insel Hiddensee
13073045	Kluis	13061019	Kluis
13073059	Neuenkirchen	13061024	Neuenkirchen
13073073	Rambin	13061031	Rambin
13073079	Samtens	13061034	Samtens
13073081	Schaprode	13061036	Schaprode
13073092	Trent	13061041	Trent
13073095	Ummanz	13061042	Ummanz
13073010	Bergen auf Rügen, Stadt	13061004	Bergen auf Rügen, Stadt
13073014	Buschvitz	13061007	Buschvitz
13073027	Garz/Rügen, Stadt	13061011	Garz/Rügen, Stadt
13073038	Gustow	13061016	Gustow
13073049	Lietzow	13061021	Lietzow
13073063	Parchtitz	13061025	Parchtitz
13073064	Patzig	13061026	Patzig
13073065	Poseritz	13061027	Poseritz
13073072	Ralswiek	13061030	Ralswiek
13073074	Rappin	13061032	Rappin
13073083	Sehlen	13061037	Sehlen
13075105	Pasewalk, Stadt	13062043	Pasewalk, Stadt
13075130	Strasburg (Uckermark), Stadt	13062056	Strasburg (Uckermark), Stadt
13075136	Ueckermünde, Stadt	13062059	Ueckermünde, Stadt
13075011	Bergholz	13062005	Bergholz
13075012	Blankensee	13062007	Blankensee
13075016	Boock	13062009	Boock
13075035	Glasow	13062016	Glasow
13075038	Grambow	13062018	Grambow
13075067	Krackow	13062028	Krackow
13075079	Löcknitz	13062033	Löcknitz
13075095	Nadrensee	13062039	Nadrensee
13075107	Penkun, Stadt	13062044	Penkun, Stadt
13075108	Plöwen	13062045	Plöwen
13075113	Ramin	13062047	Ramin
13075117	Rossow	13062050	Rossow
13075119	Rothenklempenow	13062052	Rothenklempenow
13075014	Blumenhagen	13062008	Blumenhagen
13075017	Brietzig	13062010	Brietzig
13075024	Damerow	13062011	Damerow
13075032	Fahrenwalde	13062013	Fahrenwalde
13075042	Groß Luckow	13062019	Groß Luckow
13075055	Jatznick	13062025	Jatznick
13075062	Klein Luckow	13062026	Klein Luckow
13075063	Koblentz	13062027	Koblentz
13075071	Krugsdorf	13062029	Krugsdorf
13075103	Nieden	13062040	Nieden
13075104	Papendorf	13062042	Papendorf
13075109	Polzow	13062046	Polzow
13075115	Rollwitz	13062049	Rollwitz
13075126	Schönwalde	13062053	Schönwalde
13075138	Viereck	13062060	Viereck
13075149	Zerrenthin	13062064	Zerrenthin
13075153	Züsedom	13062065	Züsedom
13075001	Ahlbeck	13062001	Ahlbeck
13075003	Altwarp	13062002	Altwarp
13075031	Eggesin, Stadt	13062012	Eggesin, Stadt
13075037	Grambin	13062017	Grambin
13075051	Hintersee	13062024	Hintersee
13075075	Leopoldshagen	13062031	Leopoldshagen
13075078	Liepgarten	13062032	Liepgarten
13075085	Luckow	13062034	Luckow
13075089	Meiersberg	13062036	Meiersberg
13075093	Mönkebude	13062038	Mönkebude
13075132	Torgelow-Holländerei	13062057	Torgelow-Holländerei
13075139	Vogelsang-Warsin	13062061	Vogelsang-Warsin
13075084	Lübs	13062066	Lübs
13075004	Altwigshagen	13062003	Altwigshagen
13075033	Ferdinandshof	13062014	Ferdinandshof
13075045	Hammer a.d. Uecker	13062021	Hammer a.d. Uecker
13075047	Heinrichsruh	13062022	Heinrichsruh
13075048	Heinrichswalde	13062023	Heinrichswalde
13075118	Rothemühl	13062051	Rothemühl
13075131	Torgelow, Stadt	13062058	Torgelow, Stadt
13075143	Wilhelmsburg	13062062	Wilhelmsburg
13072010	Behren-Lübchin	13072115	Wasdow
14522140	Flöha, Stadt	14522130	Falkenau
14522140	Flöha, Stadt	14522140	Flöha, Stadt
03153016	Braunlage, Stadt	03153003	Braunlage, Stadt
03153016	Braunlage, Stadt	03153010	Sankt Andreasberg, Bergstadt
03251048	Bruchhausen-Vilsen, Flecken	03251010	Bruchhausen-Vilsen, Flecken
03251048	Bruchhausen-Vilsen, Flecken	03251016	Engeln
03456027	Schüttorf, Stadt	03456021	Schüttorf, Stadt
03456027	Schüttorf, Stadt	03456022	Suddendorf
03352059	Beverstedt	03352001	Appeln
03352059	Beverstedt	03352005	Beverstedt, Flecken
03352059	Beverstedt	03352006	Bokel
03352059	Beverstedt	03352017	Frelsdorf
03352059	Beverstedt	03352021	Heerstedt
03352059	Beverstedt	03352023	Hollen
03352059	Beverstedt	03352026	Kirchwistedt
03352059	Beverstedt	03352033	Lunestedt
03352059	Beverstedt	03352053	Stubben
03360005	Bad Bodenteich, Flecken	03360005	Bad Bodenteich, Flecken
03360013	Lüder	03360013	Lüder
03360020	Soltendieck	03360020	Soltendieck
03360030	Wrestedt	03360021	Stadensen
03360030	Wrestedt	03360027	Wieren
03360030	Wrestedt	03360028	Wrestedt
03158038	Börßum	03158001	Achim
03158038	Börßum	03158003	Börßum
03360001	Altenmedingen	03360001	Altenmedingen
03360002	Bad Bevensen, Stadt	03360002	Bad Bevensen, Stadt
03360003	Barum	03360003	Barum
03360008	Emmendorf	03360008	Emmendorf
03360011	Himbergen	03360011	Himbergen
03360012	Jelmstorf	03360012	Jelmstorf
03360017	Römstedt	03360017	Römstedt
03360026	Weste	03360026	Weste
03360006	Ebstorf,Klosterflecken	03360006	Ebstorf,Klosterflecken
03360010	Hanstedt	03360010	Hanstedt
03360014	Natendorf	03360014	Natendorf
03360019	Schwienau	03360019	Schwienau
03360029	Wriedel	03360029	Wriedel
03256032	Stolzenau	03256032	Stolzenau
03256006	Estorf	03256006	Estorf
03256016	Husum	03256016	Husum
03256017	Landesbergen	03256017	Landesbergen
03256018	Leese	03256018	Leese
16061117	Sonnenstein	16061011	Bockelnhagen
16061117	Sonnenstein	16061051	Holungen
16061117	Sonnenstein	16061053	Jützenbach
16061117	Sonnenstein	16061088	Silkerode
16061117	Sonnenstein	16061092	Steinrode
16061117	Sonnenstein	16061093	Stöckey
16061117	Sonnenstein	16061104	Weißenborn-Lüderode
16061117	Sonnenstein	16061112	Zwinge
16061116	Am Ohmberg	16061116	Am Ohmberg
16064074	Südeichsfeld	16064024	Heyerode
16064074	Südeichsfeld	16064069	Katharinenberg
16064074	Südeichsfeld	16064025	Hildebrandshausen
16064074	Südeichsfeld	16064042	Lengenfeld unterm Stein
16064055	Rodeberg	16064055	Rodeberg
16066074	Trusetal	16066014	Brotterode, Kurort, Stadt
16066074	Brotterode-Trusetal, Stadt	16066074	Trusetal
16067088	Hörsel	16067002	Aspach
16067088	Hörsel	16067012	Ebenheim
16067088	Hörsel	16067023	Fröttstädt
16067088	Hörsel	16067038	Hörselgau
16067088	Hörsel	16067042	Laucha
16067088	Hörsel	16067045	Mechterstädt
16067088	Hörsel	16067046	Metebach
16067088	Hörsel	16067066	Teutleben
16067088	Hörsel	16067069	Trügleben
16067088	Hörsel	16067077	Weingarten
16072019	Steinach, Stadt	16072019	Steinach, Stadt
16072013	Neuhaus am Rennweg, Stadt	16072021	Steinheid
16073077	Saalfeld/Saale, Stadt	16073004	Arnsgereuth
16073077	Saalfeld/Saale, Stadt	16073077	Saalfeld/Saale, Stadt
16076092	Auma-Weidatal, Stadt	16076002	Auma, Stadt
16076092	Auma-Weidatal, Stadt	16076011	Braunsdorf
16076092	Auma-Weidatal, Stadt	16076021	Göhren-Döhlen
16076087	Zeulenroda-Triebes, Stadt	16076046	Merkendorf
16076087	Zeulenroda-Triebes, Stadt	16076071	Silberfeld
16076092	Auma-Weidatal, Stadt	16076072	Staitz
16076092	Auma-Weidatal, Stadt	16076082	Wiebelsdorf
16076087	Zeulenroda-Triebes, Stadt	16076085	Zadelsdorf
